CustomerID,CustomerFirstName,CustomerLastName,City,Email,ShippingAddress
CUST0001,Norma,Fisher,Ramireztown,fisher@yahoo.com,"3751 Maria Creek Suite 271, East Tiffanymouth, SD 51248"
CUST0002,Jorge,Sullivan,Port Jacqueline,sullivan@yahoo.com,"40338 Wood Alley Apt. 965, North Bradleymouth, KY 51347"
CUST0003,Elizabeth,Woods,North Vanessa,elizabeth@gmail.com,"USCGC Lowe, FPO AE 47986"
CUST0004,Susan,Wagner,Marshallmouth,wagner@yahoo.com,"92013 Craig Road Apt. 324, Jensenport, OH 53330"
CUST0005,Peter,Montgomery,South Christopher,montgomery@yahoo.com,"7008 Emily Vista Apt. 999, Lake Amber, GA 41130"
CUST0006,Theodore,Mcgrath,Smithfurt,theodore@gmail.com,"9255 Keller Unions Suite 019, Atkinsfort, OH 05672"
CUST0007,Stephanie,Collins,Davisborough,collins@yahoo.com,"54136 Cindy Glens Suite 950, Port Danielhaven, AR 98926"
CUST0008,Stephanie,Sutton,East Christopherville,sutton@yahoo.com,"24099 Gray Plaza Apt. 812, New Angelamouth, NM 81726"
CUST0009,Brian,Hamilton,Grantbury,hamilton@yahoo.com,"71221 Daniel Tunnel Suite 158, West Richardchester, NE 86725"
CUST0010,Susan,Levy,Thomasberg,levy@yahoo.com,"170 Madison Mountain Apt. 258, Whitechester, MH 64714"
CUST0011,Sean,Green,Port Karafort,sean@gmail.com,"Unit 0311 Box 5933, DPO AP 73725"
CUST0012,Kimberly,Smith,Chadland,kimberly@gmail.com,"975 Bowen Streets Apt. 165, New Jeffrey, MP 27718"
CUST0013,Jennifer,Summers,Martinstad,summers@yahoo.com,"300 Vanessa Manors, Johnstonborough, AK 18031"
CUST0014,April,Snyder,New Patricia,snyder@yahoo.com,"624 Joseph Points Suite 932, Cindytown, AK 43388"
CUST0015,Dana,Nguyen,East Heather,nguyen@yahoo.com,"12611 Hancock Cape Suite 959, South Johnberg, IN 36213"
CUST0016,Cheryl,Bradley,Port Michelletown,cheryl@gmail.com,"8114 Weaver Keys, Lake Danielleshire, CA 36560"
CUST0017,Walter,Pratt,Simmonsfort,pratt@yahoo.com,"83384 Zachary Shores Apt. 618, Jerryport, AL 88018"
CUST0018,Bobby,Flores,Rodriguezside,bobby@gmail.com,"661 Tammy Plains, Billychester, GA 07711"
CUST0019,Tasha,Rodriguez,Jonesberg,tasha@gmail.com,"235 Pollard Motorway, Washingtonview, RI 97400"
CUST0020,Michelle,Kelley,Lloydville,michelle@gmail.com,"2793 Allison Mountains Suite 354, South Jesus, MI 93783"
CUST0021,Kimberly,Maynard,South Anitamouth,maynard@yahoo.com,"504 James Plain Apt. 333, Kevinchester, AZ 52948"
CUST0022,Laurie,Wallace,Lake Michael,wallace@yahoo.com,"328 Clark Dam Apt. 354, Christineville, OH 51292"
CUST0023,Janice,Johnston,Ellishaven,johnston@yahoo.com,"32477 Rivera Via, Robertport, CO 25204"
CUST0024,Collin,Lopez,East Jessica,lopez@yahoo.com,"809 Krystal Alley Apt. 655, Lake Tiffanyton, DC 76387"
CUST0025,Mary,Alvarez,Lake Michael,alvarez@yahoo.com,"093 Thompson Drive, Harrisbury, MN 06626"
CUST0026,Peter,Mcdowell,North Melissa,mcdowell@yahoo.com,"26672 Rebecca Estates, Vincenttown, VT 91406"
CUST0027,Sarah,Villanueva,Port Donna,villanueva@yahoo.com,"506 Torres Mission, Joelshire, ID 22890"
CUST0028,Kimberly,Myers,Lake Michael,myers@yahoo.com,"30180 Baker Orchard Suite 962, Port John, KY 16667"
CUST0029,Desiree,Cain,Lake Michael,desiree@gmail.com,"6310 Craig Squares Apt. 787, Lake Melissaland, KY 17691"
CUST0030,Stephanie,Lawrence,Erinshire,lawrence@yahoo.com,"18439 Cox Islands, Port John, SD 36865"
CUST0031,Lauren,Hayes,Lake Karenhaven,lauren@gmail.com,"17015 Kimberly Grove, Dunnville, WY 98215"
CUST0032,Whitney,Stark,Austintown,stark@yahoo.com,"32645 William Divide Apt. 972, East Raymond, NC 54856"
CUST0033,Angela,Salazar,Sherriport,angela@gmail.com,"3391 Katie Junctions, South Juliefurt, VT 35436"
CUST0034,Mr.,Ryan,New Randy,ryan@yahoo.com,"1475 Nicole Ways, West Gregory, OK 33174"
CUST0035,Autumn,Robinson,Lake Tyler,robinson@yahoo.com,"634 Michelle Cape, Michaelview, GA 26834"
CUST0036,Faith,Cabrera,Port Zacharytown,cabrera@yahoo.com,"6872 Anthony Manors, South Christine, KY 70039"
CUST0037,Charles,Wolfe,Pamhaven,wolfe@yahoo.com,"3490 Jason Orchard Suite 837, South Douglaston, IL 51114"
CUST0038,Kenneth,Kent,North Madisonhaven,kent@yahoo.com,"677 Dale Branch Suite 726, Leemouth, MA 50439"
CUST0039,Melanie,Johnson,Port Pamela,johnson@yahoo.com,"884 Joan Meadow Suite 177, Cardenasmouth, MA 17238"
CUST0040,Lisa,Johnston,New Ericstad,johnston@yahoo.com,"53066 Jamie Plaza Suite 319, New Eric, SC 29468"
CUST0041,Jacob,Hooper,Tammychester,hooper@yahoo.com,"2078 Catherine Stream, Martinezborough, OH 61009"
CUST0042,Alex,Woodward,South Jeffrey,woodward@yahoo.com,"1237 Kristin Street, Anthonymouth, WA 31091"
CUST0043,Caleb,Clark,Davidmouth,caleb@gmail.com,"314 Atkinson Estates Apt. 472, New Trevor, MS 14248"
CUST0044,Taylor,Johnson,Jonesland,johnson@yahoo.com,"3465 Tricia Flats, West Linda, WA 74754"
CUST0045,Brian,Green,Lake Michael,green@yahoo.com,"1225 Jennifer Neck Suite 481, East Davidville, AZ 92971"
CUST0046,Matthew,Bell,Ramirezfurt,bell@yahoo.com,"488 Alejandro Overpass Suite 287, Greenburgh, AR 72784"
CUST0047,Jonathan,Williams,Wrightview,williams@yahoo.com,"9542 Hill Forest Suite 837, Danielbury, WV 94857"
CUST0048,William,Gonzalez,Lake Jenniferland,gonzalez@yahoo.com,"65946 Quinn Stravenue, North Kennethburgh, NM 39007"
CUST0049,Nicholas,Massey,South Jamie,massey@yahoo.com,"PSC 3038, Box 1084, APO AP 93430"
CUST0050,Caroline,Chambers,West Corey,caroline@gmail.com,"283 Moore Tunnel Suite 472, Ortizland, NH 05489"
CUST0051,Amy,Lowe,Riveraburgh,amy@gmail.com,"1830 Strickland Mall, North Richardville, VA 53111"
CUST0052,Gloria,King,South Rebecca,king@yahoo.com,"1521 Hopkins Flat Suite 413, West Chelseatown, PW 83599"
CUST0053,Jessica,Thompson,Martinmouth,thompson@yahoo.com,"242 Trujillo Station Suite 713, Claudiaborough, NV 66105"
CUST0054,Jason,Carroll,North Mark,carroll@yahoo.com,"175 Black Harbors, South Dustin, CT 23850"
CUST0055,Emily,Howard,Port Alexis,howard@yahoo.com,"9369 Jacob Harbor, West Joshua, IN 43610"
CUST0056,Danielle,Castro,South Deannaport,castro@yahoo.com,"7483 Davis Junctions Apt. 678, New Williammouth, DE 23913"
CUST0057,Patrick,Rogers,North Davidborough,patrick@gmail.com,"2797 Campos Villages, Andersonburgh, MN 55910"
CUST0058,Douglas,Allen,New Carolyn,allen@yahoo.com,"12920 Berry Center, New Charles, NH 30833"
CUST0059,Heather,Roberts,Lake Michael,roberts@yahoo.com,"4783 Robles Field, South Matthew, AZ 71072"
CUST0060,Travis,Schultz,East Seanstad,schultz@yahoo.com,"63952 Chen Prairie, Brownbury, MI 09537"
CUST0061,Michelle,Hughes,Kellerstad,michelle@gmail.com,"612 Griffin Mount Apt. 871, New Michaelfort, NC 47757"
CUST0062,Matthew,Smith,North Jenniferfurt,matthew@gmail.com,"532 Anna Cliffs Suite 575, Jacquelineville, AR 16557"
CUST0063,George,Allen,Lake Matthew,george@gmail.com,"90927 Laurie Isle Apt. 545, West Timothyview, NE 92991"
CUST0064,Jamie,Hutchinson,Lake Michael,hutchinson@yahoo.com,"82236 Martinez Plaza Apt. 157, West Coryfurt, OK 57405"
CUST0065,Jennifer,Morales,Davidshire,morales@yahoo.com,"316 Hodge Well, Davishaven, TX 61176"
CUST0066,Jennifer,Bates,Susantown,bates@yahoo.com,"717 Karen Streets, Rayland, DC 34566"
CUST0067,Jeremy,Green,New Keith,jeremy@gmail.com,"606 Stephen Cliffs, Wadetown, KS 14917"
CUST0068,Joseph,Freeman,Jacobborough,freeman@yahoo.com,"USNS Cross, FPO AP 67338"
CUST0069,Nicole,Henson,Jenningsburgh,henson@yahoo.com,"908 Bean Square Apt. 558, Loganville, AL 83286"
CUST0070,Eric,Owens,North Troyport,eric@gmail.com,"PSC 9207, Box 0795, APO AA 43167"
CUST0071,Robin,Lopez,Ayalaview,lopez@yahoo.com,"7114 Ferguson Spurs, Alejandramouth, AK 25503"
CUST0072,Angela,Swanson,East Kari,swanson@yahoo.com,"9814 Timothy Ways, Annefurt, VI 56694"
CUST0073,Michael,Stewart,West Amanda,michael@gmail.com,"6653 John Track Suite 146, New Dawnmouth, MT 77793"
CUST0074,Mitchell,Smith,Reyeschester,smith@yahoo.com,"258 Garrett Square Suite 234, Mcclainfort, ND 11367"
CUST0075,Kelsey,Davis,Reyestown,davis@yahoo.com,"99541 Jennifer Garden, West Antonioland, KY 42258"
CUST0076,Matthew,Russo,Gilberttown,russo@yahoo.com,"Unit 0900 Box 0500, DPO AA 51396"
CUST0077,William,Garcia,Wernermouth,garcia@yahoo.com,"7527 Smith Dam Suite 293, Jonestown, NV 51158"
CUST0078,Jennifer,Miller,East Benjaminbury,miller@yahoo.com,"547 Linda Corners, Darrylview, WV 44086"
CUST0079,Jesse,Sparks,Waltersport,sparks@yahoo.com,"78566 Jasmine Stravenue Apt. 460, Port Tiffany, UT 05662"
CUST0080,Brandi,Meyer,West Morganport,meyer@yahoo.com,"695 Karen Stravenue, West Kellyfort, NY 32334"
CUST0081,Hannah,Wiggins,Rogersmouth,hannah@gmail.com,"6886 Perkins Mill Apt. 947, Brownchester, HI 65860"
CUST0082,Albert,Williams,Hunterville,williams@yahoo.com,"35258 Joseph Plaza, Port David, VA 79745"
CUST0083,Kristin,Potts,Port Jonathan,kristin@gmail.com,"760 Leonard Port Suite 349, Carlastad, NC 35008"
CUST0084,Susan,Williams,West Heatherstad,williams@yahoo.com,"182 Rios Mount Suite 003, Molinahaven, PW 28978"
CUST0085,Meredith,Rios,Dennishaven,meredith@gmail.com,"606 Lopez Heights Suite 379, Williamsport, AR 28992"
CUST0086,Stephanie,Bowman,East Davidberg,bowman@yahoo.com,"2919 Anderson Lakes Suite 453, Port Christina, FM 75341"
CUST0087,Joshua,Clark,South Patrick,clark@yahoo.com,"USNV Thompson, FPO AE 44469"
CUST0088,Alexa,Hernandez,Hugheston,alexa@gmail.com,"6184 Woods Corner, North Anneside, WI 44901"
CUST0089,Richard,Higgins,Davidbury,higgins@yahoo.com,"904 Daniel Cove Suite 476, Pedrobury, MS 82167"
CUST0090,Marc,Williams,Mccallberg,williams@yahoo.com,"49919 Noble Springs, North Stevenfort, AR 38111"
CUST0091,William,Roberts,East Seanstad,roberts@yahoo.com,"26235 Jones Views Suite 564, Port Colleen, FM 50564"
CUST0092,Joshua,Carter,Jesseville,carter@yahoo.com,"4810 Daniel Stravenue, South Amberside, NC 01748"
CUST0093,David,Williams,Morganfort,williams@yahoo.com,"699 Smith Port Apt. 383, Davidborough, GU 68330"
CUST0094,Joseph,Jones,Lake Michael,jones@yahoo.com,"USNV Shaffer, FPO AE 31274"
CUST0095,Gary,Perry,Mcdowellview,perry@yahoo.com,"578 Maureen Forest, West Kathryn, PR 80950"
CUST0096,Terry,Wells,Kellystad,wells@yahoo.com,"00830 Norma Trail, Julieborough, PA 96286"
CUST0097,Vanessa,Cooper,New Daniel,cooper@yahoo.com,"Unit 6225 Box 6132, DPO AE 07713"
CUST0098,Michael,Simmons,Lutzberg,simmons@yahoo.com,"664 Jonathan Course Suite 804, Zavalaborough, OR 35665"
CUST0099,Nicholas,Kline,Chelsealand,kline@yahoo.com,"40455 Rowe Estates, South Ashleyborough, HI 36677"
CUST0100,Lori,Bennett,North Johntown,bennett@yahoo.com,"33298 Savannah Neck Suite 645, South Elizabethbury, SD 17623"
